<?xml version="1.0"?>
<Patients>

<Patient number="001">
    <Subfolder>.</Subfolder>
    <ResultsSubfolder>pat%PatNr%</ResultsSubfolder>

    <FeatureFiles type="wildcard">*%FeatureFileExtension%</FeatureFiles>
    <IncludePeriods>
      <Periods format="timeStamps" startOffset="0" endOffset="0">
        <Period><Start>0</Start><End>330177</End></Period>
      </Periods>
    </IncludePeriods>

    <ExcludePeriods>
    </ExcludePeriods>
    <RealSeizurePeriods>
      <Periods format="timeStamps" startOffset="0" endOffset="0">
        <Period><Start>16401</Start><End>16437</End></Period>
        <Period><Start>31582</Start><End>31613</End></Period>
        <Period><Start>111310</Start><End>111343</End></Period>
        <Period><Start>122626</Start><End>122675</End></Period>
        <Period><Start>201221</Start><End>201252</End></Period>
      </Periods>
    </RealSeizurePeriods>

  </Patient>


</Patients>
