<?xml version="1.0"?>
<Project type="OnlineOptimizing"
         maximumBlockDistance="10s" maximumGap="1s" maximumBlockLength="40h"
         timeBeforeSeizure="-1" timeAfterSeizure="0.5h"
         saveExhaustiveResults="0">

  <ResultsPath>results/</ResultsPath>
  <InfoPath>.</InfoPath>

  <DataSources>
    <DataSource type="epilab" name="Epilab Feature">
      <FilesPath>features</FilesPath>
      <Thresholds direction="negative" stayAboveBelowTime="1s">
        0:0.001:1
      </Thresholds>
    </DataSource>
  </DataSources>

  <DataProcessors>
    <DataProcessor name="MedianSmoother">
      <Parameter name="windowLength">1s</Parameter>
      <Parameter name="writeToFile">false</Parameter>
    </DataProcessor>
  </DataProcessors>

  <FPRmaxs>0.05:0.05:0.3</FPRmaxs>
  <SOPs>10m:10m:60m</SOPs>
  <SPHs>10m:10m:60m</SPHs>

</Project>

